{"sigma": 0.5140696234642583, "rho": 0.5144000094341004}