{"sigma": 0.37600066236958735, "rho": 0.3957465669465247}